Year,Total
1980,253000
1980,1866448
1980,537400
1980,1673051
1980,49390
1980,130103
1980,1209440
1980,12131
1980,36910
1980,71162
1980,160788
1980,37745
1980,199514
1980,24500
1980,1477040
1980,610112
1980,53174
1980,7883250
1980,1342000
1980,1330000
1981,240000
1981,130000
1981,874
1981,893
1981,884
1981,884
1981,894
1981,891
1981,893
1981,11373861
1981,6260
1981,6542
1981,30588
1981,621607
1981,117509
1981,8244234
1981,50430
1981,672895
1981,9054
1981,818810
1981,60447
1981,1752820
1981,970074
1981,10000
1981,2043258
1981,9397
1981,921484
1981,23400
1981,2181680
1981,1000000
1981,48500
1981,435418
1981,145068
1981,1649340
1981,114576
1981,100716
1981,22499
1981,6535
1981,6895
1981,755630
1981,21487
1981,311083
1981,7501
1981,8430
1981,20940
1981,99251
1981,9550
1981,199
1981,25155
1981,58917
1981,33669
1981,2028570
1981,906272
1981,857160
1981,832389
1981,574477
1981,3064443
1981,2600094
1981,3097180
1981,2474889
1981,4200594
1982,305500
1982,20000
1982,12000
1982,2328934
1982,5687533
1982,16978
1982,5106340
1982,5185011
1982,2051429
1982,3735960
1982,10000
1982,2076911
1982,2246417
1982,2308620
1982,2318246
1982,44540
1982,470942
1982,2713592
1982,889776
1982,52060
1982,48460
1982,3880
1982,5387882
1982,3029060
1982,93691
1982,109105
1982,10507
1982,10394
1982,227562
1982,16914
1982,53000
1982,16128
1982,12384
1982,12840
1982,14000
1982,50000
1982,18598
1982,33446
1982,19170
1982,439958
1982,1557000
1982,50299
1982,34671
1982,9689600
1982,1000000
1982,2109667
1982,777691
1982,2190800
1982,1552366
1982,3074739
1982,3645852
1983,279000
1983,269000
1983,1330000
1983,2560000
1983,284650
1983,3659674
1983,60017
1983,2726310
1983,18909761
1983,100000
1983,2388034
1983,5480036
1983,3113276
1983,9000
1983,7284159
1983,640000
1983,106321
1983,213679
1983,3280000
1983,661000
1983,45258
1983,8953054
1983,3621085
1983,1824836
1983,8651
1983,43227
1983,1318512
1983,3465000
1983,559762
1983,656586
1983,1097414
1983,23630
1983,123321
1983,632476
1983,714796
1983,684051
1983,650406
1983,881485
1983,717803
1983,28422
1983,46648
1983,69144
1983,73600
1983,9996783
1983,2869934
1983,379012
1983,11712086
1983,1146035
1983,2483949
1983,1333210
1983,2411483
1983,71
1983,387
1983,326
1983,416
1983,32
1983,128
1983,204
1983,211
1983,268
1983,310
1983,363
1983,391
1983,428
1983,443
1983,617
1983,322
1983,344
1983,357
1983,417
1983,423
1983,440
1983,458
1983,463
1983,640
1983,150
1983,235
1983,287
1983,308
1983,460
1983,498
1983,662
1983,55
1983,193
1983,221
1983,280
1983,540
1983,545
1983,116
1983,146
1983,280
1983,418
1983,536
1983,92
1983,209
1983,238
1983,300
1983,303
1983,449
1983,492
1983,543
1983,652
1983,807
1983,209
1983,210
1983,250
1983,257
1983,270
1983,279
1984,845000
1984,512000
1984,2487000
1984,802000
1984,56000
1984,20100000
1984,8400000
1984,60000
1984,2620000
1984,2430000
1984,8340000
1984,7400000
1984,89075
1984,1297436
1984,103251
1984,250000
1984,46000
1984,3371101
1984,99964
1984,2880507
1984,241675
1984,217098
1984,475157
1984,762115
1984,30847735
1984,403472
1984,55000
1984,50000
1984,53322
1984,2000000
1984,2700170
1984,562986
1984,1096000
1984,25282
1984,668000
1984,206014
1984,2495412
1984,816253
1984,4811849
1984,36981
1984,486854
1984,27315
1984,77570
1984,14536624
1984,743903
1984,8555000
1984,743902
1984,4995000
1984,5720000
1984,5555000
1984,677956
1984,677957
1984,481600
1984,4800000
1984,867
1984,1083
1984,519
1984,958
1984,603
1984,1023
1984,588
1984,720
1984,598
1984,380
1984,956
1984,757
1984,1014
1984,1017
1984,1040
1984,949
1984,677
1984,1022
1984,898
1984,659
1984,765
1984,209
1984,449
1984,56
1984,753
1984,1048
1984,1027
1984,392
1984,559
1984,753
1984,1027
1984,559
1984,878
1984,1049
1984,1098
1984,719
1984,907
1984,613
1984,359
1984,532
1984,1043
1984,440
1984,998
1984,464
1984,558
1984,789
1984,1017
1984,813
1984,836
1984,626
1984,239
1984,1057
1984,970
1984,1051
1984,1049
1984,866
1984,362
1984,743
1984,1024
1984,1046
1984,549
1984,390
1984,1138
1984,1062
1984,314
1984,579
1984,466
1984,1039
1984,1054
1984,1028
1984,1035
1984,168
1984,608
1984,1041
1984,1045
1984,246
1984,447
1984,644
1984,725
1984,992
1984,455
1984,1042
1984,69
1984,391
1984,593
1984,918
1984,983
1984,1069
1984,602
1984,594
1984,739
1984,939
1984,592
1984,596
1984,1026
1984,1058
1984,708
1984,67
1984,228
1984,909
1984,1056
1984,999
1984,1049
1984,1058
1984,1063
1984,520
1984,1033
1984,875
1984,1037
1984,1011
1984,264
1984,722
1984,949
1984,321
1984,1022
1984,697
1985,204000
1985,285000
1985,1650000
1985,286307
1985,3240000
1985,3620000
1985,3760000
1985,3800000
1985,3480000
1985,8550000
1985,3630000
1985,50000
1985,2410000
1985,887000
1985,10336
1985,10679
1985,2400000
1985,2400000
1985,3500000
1985,891000
1985,4040000
1985,3550000
1985,1680000
1985,1670000
1985,15623
1985,15787
1985,2030000
1985,2100000
1985,702540
1985,223000
1985,258727
1985,7312274
1985,459480
1985,1580
1985,1445560
1985,51472
1985,2722731
1985,1517449
1985,13288584
1985,2835238
1985,2438276
1985,1982700
1985,4351200
1985,1200000
1985,47127
1985,884800
1985,3802398
1985,27600
1985,1517602
1985,1386657
1985,235807
1985,683089
1985,9060
1985,9775184
1985,1295240
1985,24155256
1985,2423500
1985,3722695
1985,7753933
1985,2181982
1985,3240392
1985,772450
1985,1603280
1985,2805115
1985,2472300
1985,3995114
1985,240000
1985,3990000
1985,805
1985,907
1985,909
1985,476
1985,619
1985,627
1985,756
1985,850
1985,433
1985,540
1985,1081
1985,1393
1985,233
1985,297
1985,500
1985,551
1985,670
1985,701
1985,366
1985,720
1985,841
1985,590
1985,1019
1985,1033
1985,1040
1985,1067
1985,1535
1985,267
1985,208
1985,313
1985,395
1985,534
1985,524
1985,728
1985,878
1985,178
1985,275
1985,658
1985,877
1985,678
1985,693
1985,776
1985,919
1985,1037
1985,1028
1985,1115
1985,102
1985,386
1985,782
1985,108
1985,231
1985,524
1985,568
1985,661
1985,756
1985,928
1985,909
1985,897
1985,906
1985,26
1985,340
1985,660
1985,663
1985,782
1985,805
1985,1057
1985,9
1985,433
1985,602
1985,625
1985,713
1985,756
1985,872
1985,791
1985,366
1985,493
1985,584
1985,629
1985,731
1985,904
1985,1095
1985,430
1985,661
1985,784
1985,855
1985,1020
1985,1046
1985,1047
1985,1058
1985,1118
1985,242
1985,771
1985,524
1985,242
1985,426
1985,518
1985,532
1985,567
1985,697
1985,791
1985,788
1985,882
1985,318
1985,391
1985,402
1985,443
1985,526
1985,611
1985,623
1985,960
1985,981
1985,1038
1985,1018
1985,1040
1985,544
1985,734
1985,1134
1985,918
1985,1033
1985,1095
1985,1145
1985,163
1985,391
1985,709
1985,793
1985,871
1985,897
1985,989
1985,316
1985,468
1985,770
1985,949
1985,1042
1985,1032
1985,1049
1985,405
1985,628
1985,565
1986,570740
1986,261091
1986,9000000
1986,7930000
1986,4400000
1986,4980000
1986,1560000
1986,7960000
1986,5340000
1986,4960000
1986,8170000
1986,50000
1986,8740000
1986,58500
1986,10434
1986,9823
1986,9575
1986,450000
1986,10800000
1986,8420000
1986,400000
1986,1626400
1986,9763780
1986,245236
1986,40866
1986,2242374
1986,26711
1986,113951
1986,1186720
1986,5098804
1986,3522933
1986,628215
1986,112040
1986,2738440
1986,10024827
1986,662126
1986,25301
1986,16551
1986,15589
1986,19724672
1986,6337915
1986,1770800
1986,3066000
1986,1328000
1986,2200000
1986,35750
1986,2142825
1986,8520873
1986,3960132
1986,6901375
1986,3698200
1986,58000
1986,33962
1986,1610002
1986,301708
1986,332845
1986,10050822
1986,3938579
1986,2650446
1986,3111392
1986,3151303
1986,3600987
1986,3227012
1986,3085060
1986,3713518
1986,322996
1986,324212
1986,294961
1986,276677
1986,803505
1986,887257
1986,1052734
1986,887256
1986,1286500
1986,874403
1986,685343
1987,4500000
1987,8811000
1987,196000
1987,21140000
1987,19250000
1987,44000
1987,3990000
1987,1040000
1987,2760000
1987,11800000
1987,10900000
1987,1982450
1987,12348543
1987,64088
1987,192991
1987,301361
1987,670824
1987,53000
1987,7164828
1987,7010714
1987,368345
1987,10499778
1987,222126
1987,1675050
1987,1258800
1987,1805000
1987,9004000
1987,2874000
1987,3722600
1987,1046080
1987,241000
1987,1650000
1987,2895000
1987,24621200
1987,104500
1987,98604
1987,99036
1987,1600000
1987,14200000
1987,2369000
1987,1539668
1987,2931000
1987,5913000
1987,6766000
1987,3386000
1987,3516000
1987,3127000
1987,1578332
1987,557500
1987,568650
1987,564190
1987,539660
1987,1202301
1987,1148699
1987,1055876
1987,992689
1987,970311
1987,1056928
1987,1084124
1987,1038072
1988,8600000
1988,9900000
1988,29181000
1988,21574717
1988,316000
1988,80000
1988,225000
1988,311000
1988,152000
1988,930000
1988,256000
1988,1000000
1988,5170000
1988,8060000
1988,13300000
1988,13800000
1988,1287060
1988,19369700
1988,330809
1988,90654
1988,79951
1988,2326836
1988,2922075
1988,5419282
1988,4265730
1988,9323496
1988,7640211
1988,586723
1988,709004
1988,9413831
1988,4665580
1988,15034137
1988,845750
1988,3480508
1988,6426075
1988,2068938
1988,809445
1988,1281694
1988,3531041
1988,1038276
1988,605625
1988,3137700
1988,25003000
1988,97000
1988,594250
1988,4550
1988,450000
1988,14250000
1988,1389465
1988,4420800
1988,9471400
1988,6306500
1988,2194000
1988,6455000
1988,1417535
1988,1311655
1988,1928000
1988,1270345
1988,411000
1988,653500
1988,669970
1988,655070
1988,635460
1988,570270
1988,581390
1988,892545
1988,558920
1988,514420
1988,864365
1988,886615
1988,833075
1989,7700000
1989,5539150
1989,39895
1989,90089
1989,135689
1989,17997
1989,13288
1989,92840
1989,158997
1989,51994
1989,2942964
1989,523240
1989,143989
1989,4450000
1989,1260000
1989,693000
1989,42500
1989,16035755
1989,85073
1989,25488
1989,43605
1989,141960
1989,543324
1989,45000
1989,20000
1989,8508356
1989,5917229
1989,2802056
1989,504940
1989,8899120
1989,6133177
1989,22158676
1989,4538524
1989,3998252
1989,101657
1989,5779389
1989,420357
1989,3772704
1989,955527
1989,12820984
1989,2932000
1989,529565
1989,34249000
1989,26051600
1989,2950500
1989,8321937
1989,5101863
1989,33600
1989,726250
1989,583140
1989,827000
1989,2929947
1989,21829
1989,5724
1989,5445000
1989,8174750
1989,3849100
1989,9035250
1989,3718900
1989,5925000
1989,4948000
1989,1161688
1989,1305480
1989,1315697
1989,1135243
1989,1179256
1989,1227096
1989,1003730
1989,1916000
1989,966270
1989,1241926
1990,2181865
1990,11413683
1990,891432
1990,1655819
1990,50086
1990,46926
1990,141921
1990,22420058
1990,6286
1990,977040
1990,1304928
1990,2345665
1990,3074423
1990,2881147
1990,8546352
1990,3040576
1990,2812058
1990,110496
1990,4857178
1990,4812387
1990,150984
1990,5021250
1990,4314260
1990,4312248
1990,4314375
1990,2511702
1990,2184452
1990,947824
1990,1545925
1990,100000
1990,2236600
1990,4020733
1990,4340000
1990,765155
1990,36371500
1990,26135291
1990,2363000
1990,1883100
1990,760000
1990,6348000
1990,8852
1990,16343063
1990,8639
1990,6677729
1990,9419
1990,3298
1990,18900
1990,732980
1990,270000
1990,4800000
1990,600000
1990,4387000
1990,5873000
1990,3993000
1990,1559300
1990,4938000
1990,1991000
1990,3478000
1990,4094000
1990,1993500
1990,482905
1990,533923
1990,523793
1990,523937
1990,533426
1990,530221
1990,547369
1990,507415
1991,2980447
1991,8720086
1991,11388793
1991,794673
1991,50115671
1991,22850
1991,1198321
1991,496878
1991,19017615
1991,15727308
1991,3183000
1991,3025000
1991,3129000
1991,5677903
1991,5648681
1991,4877258
1991,5043474
1991,4925564
1991,16258086
1991,18073558
1991,19800478
1991,1000000
1991,5156300
1991,753850
1991,1143670
1991,2019800
1991,4402000
1991,1499032
1991,5437000
1991,76135
1991,95000
1991,37686000
1991,26589400
1991,4802000
1991,50062
1991,12524437
1991,12221438
1991,50063
1991,1837000
1991,562000
1991,280000
1991,2500000
1991,997000
1991,6694000
1991,1600000
1991,2099800
1991,4274000
1991,2822000
1991,7407000
1991,4110500
1991,3404990
1991,3943000
1991,2310000
1991,3407000
1991,1398517
1991,1490341
1991,1523648
1991,1603194
1991,1572499
1991,1620282
1991,1555744
1991,1457075
1991,1531354
1991,1541206
1991,1590746
1991,1336095
1991,1530277
1991,1474598
1991,1385345
1991,1391379
1992,19578450
1992,19342342
1992,423000
1992,39616263
1992,374524
1992,242871
1992,17873408
1992,18044646
1992,6709659
1992,11708268
1992,250808
1992,48951
1992,1049
1992,178263
1992,8321737
1992,5515021
1992,9905058
1992,20321587
1992,11314824
1992,15095770
1992,11915815
1992,6236780
1992,604115
1992,6278330
1992,2029170
1992,3567425
1992,2147000
1992,525000
1992,195457
1992,387450
1992,36479100
1992,19650100
1992,8500
1992,4030900
1992,7490156
1992,4690852
1992,26445
1992,15400
1992,2582600
1992,15148
1992,4459555
1992,34844
1992,32000
1992,132000
1992,2458000
1992,1754000
1992,4000
1992,9040000
1992,2714000
1992,4876300
1992,5011000
1992,4864000
1992,2804000
1992,2499000
1992,2438000
1992,4539000
1992,4540000
1992,4853500
1992,5792400
1992,3625400
1992,1586100
1992,1628300
1992,1483600
1992,1332800
1992,1987300
1992,2161200
1992,1830500
1992,2041700
1992,1728000
1992,1763000
1992,3461900
1992,3312900
1992,1795200
1992,1720200
1993,12136000
1993,6089000
1993,14629000
1993,5336000
1993,51188666
1993,71600
1993,1556495
1993,17668747
1993,18479683
1993,9545177
1993,395881
1993,11495384
1993,9682717
1993,333458
1993,15768972
1993,32660175
1993,12060809
1993,14942130
1993,668860
1993,5725790
1993,8661860
1993,1301730
1993,2993015
1993,1191585
1993,6440000
1993,1250000
1993,47256
1993,643952
1993,36530800
1993,25912100
1993,2898500
1993,1961000
1993,34835
1993,2187474
1993,50083
1993,10915917
1993,6526
1993,11676165
1993,131600
1993,2301000
1993,2139000
1993,88000
1993,6790000
1993,5023600
1993,7570000
1993,5071400
1993,10524878
1993,3134972
1993,2979593
1993,2917339
1993,5040600
1993,5051300
1993,3122350
1993,4767700
1993,2906472
1993,1746900
1993,1744780
1993,1822540
1993,1755380
1993,2060864
1993,2167416
1993,1969690
1993,1969690
1993,2647522
1993,2843680
1993,2715608
1993,2687948
1993,2346412
1993,2914830
1994,3549822
1994,6014869
1994,12190000
1994,6000000
1994,43000000
1994,54070
1994,1372
1994,260384
1994,31912325
1994,2905206
1994,6464450
1994,2934969
1994,2934969
1994,5833126
1994,14635458
1994,4331649
1994,4331249
1994,6906660
1994,235150
1994,6838780
1994,1995945
1994,14400
1994,1200
1994,8000
1994,8500
1994,1000
1994,6600
1994,20000
1994,2669000
1994,1944840
1994,178125
1994,807500
1994,33155175
1994,27067798
1994,1188500
1994,3676500
1994,46593
1994,10254707
1994,2821922
1994,11230000
1994,46578
1994,31600
1994,2874550
1994,2104800
1994,201000
1994,347000
1994,3654283
1994,7871015
1994,3789154
1994,4740877
1994,9583515
1994,7695135
1994,3171836
1994,3385712
1994,4762631
1994,4574196
1994,7603462
1994,4622729
1994,1830957
1994,1808628
1994,1920272
1994,1883058
1994,3671269
1994,2601712
1994,2794867
1994,2861794
1994,1801518
1994,2534011
1994,2572522
1994,3266245
1994,2595629
1995,14198765
1995,6031975
1995,31030000
1995,7920000
1995,6394000
1995,4410000
1995,6234000
1995,6590000
1995,7057000
1995,6993000
1995,6116000
1995,4410000
1995,5635000
1995,6281
1995,471105
1995,34472077
1995,8931491
1995,11825076
1995,11411420
1995,15703316
1995,8539515
1995,28970413
1995,150000
1995,6260447
1995,8187992
1995,1640215
1995,14400
1995,1200
1995,8000
1995,8500
1995,1000
1995,6600
1995,20000
1995,190000
1995,493131
1995,394504
1995,37035400
1995,33854350
1995,5330800
1995,2765000
1995,50000
1995,50000
1995,9084000
1995,5962000
1995,8802000
1995,193000
1995,2832000
1995,2317000
1995,182000
1995,7130000
1995,7776720
1995,2945755
1995,7247243
1995,2791900
1995,5870244
1995,10254182
1995,2783912
1995,2795000
1995,5208850
1995,5058263
1995,9974997
1995,2990000
1995,2497453
1995,1196106
1995,1196107
1995,2594440
1995,2058463
1995,2426012
1995,2391115
1995,2426012
1995,3855681
1995,2253281
1995,1894970
1995,2475663
1995,2429304
1995,2788878
1996,26826900
1996,9057793
1996,4180000
1996,8000000
1996,15692000
1996,13618000
1996,43170000
1996,13580
1996,415298
1996,17489823
1996,17489823
1996,8536780
1996,5737228
1996,5737229
1996,7710622
1996,7710623
1996,19569902
1996,8743899
1996,2934744
1996,21670244
1996,6744470
1996,958100
1996,28914232
1996,470000
1996,14250
1996,49715678
1996,26956000
1996,4842000
1996,50015
1996,9644985
1996,4862000
1996,11724831
1996,50169
1996,8404000
1996,185900
1996,944000
1996,1966000
1996,1917000
1996,80000
1996,3540000
1996,7900000
1996,2363800
1996,11052530
1996,10950403
1996,5330325
1996,5348485
1996,5366923
1996,5328898
1996,2155385
1996,2355200
1996,4588089
1996,2202943
1996,2367486
1996,2803218
1996,2396745
1996,2542440
1996,2560962
1996,3098635
1996,2577103
1996,2340614
1996,2859666
1996,2653360
1996,2850230
1996,2634779
1996,2967036
1997,22938000
1997,36189000
1997,22285000
1997,300000
1997,34535728
1997,7759020
1997,12166444
1997,12983190
1997,2723869
1997,10616086
1997,5901486
1997,25938500
1997,75880
1997,6177285
1997,36244635
1997,1000000
1997,28200
1997,170000
1997,9600
1997,37544876
1997,25021120
1997,2173000
1997,2819000
1997,16883890
1997,1039862
1997,2799000
1997,50110
1997,12760000
1997,50138
1997,276000
1997,684000
1997,942000
1997,2766000
1997,3400000
1997,6700000
1997,2662149
1997,2662149
1997,2662149
1997,5401865
1997,8257815
1997,10554000
1997,5268800
1997,5128550
1997,4895100
1997,5306750
1997,10541500
1997,5282600
1997,5265800
1997,3147003
1997,2584300
1997,2330040
1997,3050208
1997,3059533
1997,3049734
1997,2491238
1997,2829149
1997,2755037
1998,17972664
1998,27882072
1998,29922114
1998,24500
1998,350000
1998,49155073
1998,7211676
1998,24246804
1998,13993898
1998,8709149
1998,717257
1998,6360760
1998,47528211
1998,330000
1998,482840
1998,240400
1998,140120
1998,37809253
1998,25882728
1998,2824000
1998,864000
1998,875000
1998,11647000
1998,10164000
1998,12946000
1998,128000
1998,81000
1998,1864200
1998,505350
1998,1670000
1998,4500000
1998,2578761
1998,2119328
1998,2502358
1998,2637300
1998,5202350
1998,2571000
1998,11195093
1998,5839786
1998,2576260
1998,5816474
1998,5634241
1998,11195092
1998,5611749
1998,2532000
1998,5245250
1998,2395855
1998,3332499
1998,2498940
1998,2533410
1998,4653410
1998,2117645
1998,2096293
1998,2549509
1998,3837307
1999,44478902
1999,10797457
1999,11135500
1999,6857445
1999,5940
1999,214663
1999,7655324
1999,43127690
1999,9262694
1999,21991640
1999,14473858
1999,5670018
1999,383125
1999,6522900
1999,36156200
1999,450000
1999,373360
1999,951000
1999,48905343
1999,25744971
1999,1098000
1999,4200000
1999,2844000
1999,8687000
1999,2870000
1999,1796000
1999,5739000
1999,12606000
1999,270000
1999,1377504
1999,3779737
1999,1747800
1999,3871971
1999,1583953
1999,5666045
1999,5522654
1999,4843900
1999,11358833
1999,5616966
1999,11379568
1999,5562216
1999,2360050
1999,2532550
1999,2586800
1999,2438650
1999,5067600
1999,2575521
1999,2627054
1999,2801874
1999,4530400
1999,2090586
1999,2537664
1999,3693236
1999,1987832
1999,2524133
2000,21600000
2000,64038750
2000,8722507
2000,44496455
2000,9010000
2000,27878900
2000,15100000
2000,1681918
2000,185000
2000,6395219
2000,54526806
2000,1222218
2000,335000
2000,334540
2000,918850
2000,38689735
2000,36259333
2000,4926000
2000,21088000
2000,13057000
2000,178000
2000,3379480
2000,1650092
2000,2652316
2000,2689656
2000,2225139
2000,2339550
2000,5054150
2000,8350600
2000,2697200
2000,5568300
2000,2802000
2000,8581500
2000,8360200
2000,2522550
2000,5053950
2000,2338450
2000,5763300
2000,5948800
2000,2185845
2000,3221097
2000,2797568
2000,5318205
2000,2653890
2000,2198140
2000,2319383
2000,2585186
2000,3476768
2001,16205650
2001,25170075
2001,10967800
2001,7604465
2001,38423671
2001,14883720
2001,27858929
2001,15144122
2001,1723910
2001,2805857
2001,6476062
2001,36941430
2001,262000
2001,471770
2001,286375
2001,915100
2001,38918758
2001,41925974
2001,6945600
2001,20806000
2001,13174000
2001,292000
2001,3861739
2001,5327708
2001,2746450
2001,2720918
2001,2746166
2001,5787258
2001,4202651
2001,9444050
2001,1688460
2001,4439003
2001,10081700
2001,5020000
2001,8130350
2001,2150040
2001,7513800
2001,2834132
2001,2737180
2001,2763379
2001,10100055
2001,2092841
2001,4245485
2001,2128414
2002,31666000
2002,10322405
2002,30675375
2002,4584039
2002,12868793
2002,5641527
2002,5621971
2002,7258604
2002,7837168
2002,14616604
2002,6142467
2002,6903780
2002,1696762
2002,6556150
2002,32195590
2002,933720
2002,1822560
2002,773000
2002,431500
2002,122600
2002,36503940
2002,36316937
2002,7009300
2002,19274500
2002,21458000
2002,257500
2002,954387
2002,861422
2002,2446674
2002,2352524
2002,4475871
2002,2743553
2002,2702726
2002,2719057
2002,6583000
2002,4564907
2002,4366344
2002,2379745
2002,2244803
2002,3079373
2002,5516140
2002,6576850
2002,2596371
2002,2575313
2002,7145891
2002,6305657
2002,2387023
2002,2297682
2002,3208007
2002,3383068
2002,3382193
2002,2147179
2002,3828023
2002,2304204
2003,34748700
2003,10528250
2003,38194030
2003,17500604
2003,17377675
2003,5446961
2003,6776252
2003,5992464
2003,14001897
2003,11779362
2003,11224919
2003,5801861
2003,6562400
2003,27660200
2003,1570848
2003,1530000
2003,193350
2003,276000
2003,38788889
2003,36626794
2003,6803000
2003,30014000
2003,11391000
2003,265000
2003,182225
2003,796000
2003,2655061
2003,2706902
2003,2548969
2003,3015473
2003,2704228
2003,1790622
2003,1742903
2003,1743397
2003,2225481
2003,7183763
2003,5143901
2003,2548899
2003,2294870
2003,5631711
2003,2330731
2003,2236679
2003,2441125
2003,7170772
2003,4340957
2003,9555425
2003,3240006
2003,4174359
2003,3214808
2003,2745453
2003,2747515
2003,3003334
2004,9306909
2004,4980640
2004,10793250
2004,26989700
2004,46052100
2004,10903024
2004,13132944
2004,5951882
2004,6054283
2004,5960363
2004,8615776
2004,5664291
2004,5142525
2004,6061827
2004,8736858
2004,11526586
2004,11888204
2004,6710670
2004,45234730
2004,2261000
2004,1570000
2004,930000
2004,472850
2004,211412
2004,13662435
2004,29881079
2004,45054655
2004,7172500
2004,7138225
2004,10773375
2004,17111400
2004,5343150
2004,299500
2004,19955
2004,999658
2004,3257000
2004,36399
2004,13895916
2004,4609100
2004,8733000
2004,47785445
2004,16972000
2004,14510867
2004,8160000
2005,574958
2005,32690740
2005,34683180
2005,12737052
2005,25285887
2005,6386401
2005,5118857
2005,6122586
2005,7436401
2005,5693546
2005,5493107
2005,8759659
2005,6245512
2005,12103542
2005,11978752
2005,5086391
2005,19690794
2005,37778475
2005,2315222
2005,1202117
2005,1202043
2005,1227391
2005,563918
2005,813781
2005,9917604
2005,33897948
2005,44984748
2005,7205900
2005,5824000
2005,12861000
2005,17727000
2005,5010000
2005,269000
2005,1081718
2005,3249000
2005,1036476
2005,13551600
2005,9764000
2005,21432000
2005,48633000
2005,19699000
2005,7916500
2006,1770390
2006,2110821
2006,18337310
2006,59834978
2006,9436227
2006,10497634
2006,14711087
2006,6765472
2006,6914320
2006,5487597
2006,5850219
2006,7445800
2006,6700292
2006,11798460
2006,11755354
2006,1500000
2006,2328450
2006,4197497
2006,1677100
2006,3641125
2006,1189798
2006,1019558
2006,216840
2006,647027
2006,915155
2006,9300684
2006,34971120
2006,41926494
2006,9193982
2006,5257026
2006,17182126
2006,6063938
2006,17172315
2006,285440
2006,1066200
2006,5098000
2006,1154284
2006,18271104
2006,13550000
2006,46334620
2006,4223726
2006,20844154
2006,8409868
2007,4654882
2007,917949
2007,4056428
2007,7818989
2007,20701485
2007,63742748
2007,22886985
2007,7390126
2007,17821181
2007,7398957
2007,7502904
2007,5915135
2007,6057369
2007,7369013
2007,7808056
2007,18558741
2007,6181381
2007,3000000
2007,8876863
2007,21830000
2007,700000
2007,2406000
2007,1204402
2007,803656
2007,804900
2007,171853
2007,225472
2007,492837
2007,972768
2007,9252243
2007,34654534
2007,44395047
2007,9613942
2007,5766123
2007,15930788
2007,5625671
2007,16122495
2007,325000
2007,1095094
2007,8818000
2007,1092918
2007,15834000
2007,6609000
2007,49933000
2007,17428000
2007,4239000
2007,4605000
2007,21627000
2007,8219000
2008,13786610
2008,30940154
2008,30794040
2008,30269505
2008,15065220
2008,8854723
2008,5864723
2008,5129750
2008,5722739
2008,9036419
2008,6000080
2008,12245007
2008,12140235
2008,3076678
2008,5424070
2008,9875415
2008,341245
2008,3866382
2008,2568267
2008,2402402
2008,1048219
2008,997745
2008,217950
2008,1399139
2008,9688433
2008,31966262
2008,42828059
2008,9174619
2008,5363807
2008,14033225
2008,18337962
2008,5725661
2008,325000
2008,939800
2008,8083000
2008,1016500
2008,14585000
2008,8173000
2008,34518000
2008,26760000
2008,4800000
2008,20465000
2008,7704000
2009,12417244
2009,21438507
2009,44036000
2009,7144000
2009,7105000
2009,5962000
2009,5907000
2009,6128000
2009,9092000
2009,17734000
2009,5944000
2009,6463366
2009,1161200
2009,1784140
2009,5094514
2009,1624387
2009,1538985
2009,664982
2009,1520922
2009,41302992
2009,40294519
2009,9844371
2009,14073249
2009,18600504
2009,2369248
2009,285000
2009,1075190
2009,7393000
2009,1079283
2009,18736000
2009,7950000
2009,970000
2009,48460000
2009,18770000
2009,4170000
2009,2120000
2009,18810000
2009,8429000
2009,921000
2010,9110757
2010,18185719
2010,53677075
2010,8330000
2010,16540000
2010,19240000
2010,13650000
2010,7730000
2010,7020000
2010,7030000
2010,7020000
2010,8380000
2010,126390
2010,7120837
2010,20894736
2010,20894735
2010,4997038
2010,9000000
2010,3408527
2010,3071455
2010,544972
2010,605150
2010,1505623
2010,40268478
2010,39039177
2010,9851926
2010,17158253
2010,2707056
2010,22719243
2010,271439
2010,1080000
2010,8358000
2010,1000550
2010,18506500
2010,8731000
2010,52970000
2010,16514000
2010,5220000
2010,2076000
2010,19253000
2010,8304000
2011,28444881
2011,75506078
2011,27184000
2011,16242000
2011,10862000
2011,5309000
2011,5344000
2011,3570000
2011,7307000
2011,2811000
2011,10991000
2011,10952000
2011,5866947
2011,9137529
2011,282779
2011,17956496
2011,1379408
2011,1084074
2011,3100000
2011,1163289
2011,565289
2011,543069
2011,1170091
2011,37630694
2011,38807328
2011,9948913
2011,21804394
2011,20401139
2011,300000
2011,18545000
2011,10325000
2011,51759000
2011,4404000
2011,17994000
2011,2159000
2011,8429000
2011,724312
2011,8536000
2011,701431
2012,26459338
2012,82734292
2012,16671000
2012,28356000
2012,18356000
2012,5942000
2012,6001000
2012,7265000
2012,7153000
2012,11989000
2012,12040000
2012,7289595
2012,18446425
2012,15836693
2012,3880000
2012,3050000
2012,1164527
2012,700254
2012,1541034
2012,31283930
2012,7048558
2012,29204857
2012,13453301
2012,14420675
2012,4614805
2012,878144
2012,16571942
2012,4151519
2012,17476809
2012,1430270
2012,300000
2012,8712000
2012,13489000
2012,5655000
2012,2150000
2012,46108000
2012,19431000
2012,13157000
2012,26808000
2012,2337000
2012,8045000
2012,430436
2012,7630000
2012,2627965
2013,25695046
2013,17490067
2013,34630267
2013,15294000
2013,26667000
2013,14953000
2013,7477000
2013,5489000
2013,5603000
2013,3855000
2013,10887000
2013,11827000
2013,11587000
2013,9934893
2013,4542443
2013,33373559
2013,16901334
2013,5900000
2013,3700000
2013,380851
2013,723628
2013,1448435
2013,6508719
2013,28358647
2013,8712136
2013,29681749
2013,9972601
2013,9304876
2013,4227661
2013,4635140
2013,8028451
2013,13546876
2013,21135908
2013,277400
2013,21798000
2013,6764000
2013,19600000
2013,65000000
2013,26952000
2013,2346000
2013,8249000
2013,809816
2013,8516000
2013,2600080
2014,25028988
2014,19765485
2014,59893612
2014,26743300
2014,15647400
2014,10948000
2014,11946300
2014,5788700
2014,5788700
2014,7457500
2014,7457500
2014,11939000
2014,11917200
2014,10000000
2014,21470430
2014,17386150
2014,1196567
2014,732936
2014,1467459
2014,25970400
2014,6395064
2014,9142373
2014,32028756
2014,10420817
2014,15218379
2014,3563709
2014,8482830
2014,13638743
2014,21348596
2014,297400
2014,22658000
2014,4906000
2014,65455000
2014,13579000
2014,27249000
2014,2312000
2014,8137000
2014,2946059
2014,8765000
2014,2971630
2015,22817058
2015,42995846
2015,23906459
2015,20762573
2015,24445100
2015,15117000
2015,8306200
2015,10243000
2015,2496500
2015,5881300
2015,5852200
2015,6628800
2015,6820800
2015,10277300
2015,11380400
2015,1165309
2015,747922
2015,1460015
2015,6513515
2015,23868519
2015,17478583
2015,31396973
2015,11826533
2015,14752476
2015,3444433
2015,31138791
2015,11183247
2015,7879634
2015,220000
2015,13370294
2015,1913000
2015,21152000
2015,4945000
2015,4694000
2015,7000000
2015,62582387
2015,12617092
2015,28822000
2015,8380000
2015,2333519
2015,8174000
2015,2902360
